ID,プロジェクト名,色,アーカイブ済み,作成日
mg8l4JyhlA6Z6YZGBuCg,テスト,#3B82F6,いいえ,2026-02-04 17:48:31
V7sN9GiR7U5GY84F1A2F,テスト,#3B82F6,いいえ,2026-02-04 17:48:10
wHtFqb1MwdjeSsU51t1Y,必須チェックテスト,#3B82F6,いいえ,2026-02-04 17:47:54
mQBgfkTQzfWkiCYVYsW0,HaruNoa開発,#F97316,いいえ,2026-02-04 16:25:12
B9J8XmJJXNzaTMTOt5mD,プロジェクト11,#3B82F6,いいえ,2026-02-04 17:45:54
EP0yIj9pTxzNW0efpDZ1,プロジェクト10,#06B6D4,いいえ,2026-02-04 17:45:32
5RCAKNECkDOcrTb9FXPD,プロジェクト9,#9CA3AF,いいえ,2026-02-04 17:45:31
WqpJTksgRIKG5xzgxJPl,プロジェクト8,#1F2937,いいえ,2026-02-04 17:45:31
a0hFWeF6jEtRW8XmVPlp,プロジェクト7,#78716C,いいえ,2026-02-04 17:45:30
enkh57L90636oxw4q6fR,プロジェクト6,#A855F7,いいえ,2026-02-04 17:45:29
kk16355F87K0pVKVr8vT,プロジェクト5,#EF4444,いいえ,2026-02-04 17:45:29
j7VpGcldGrIegmr2OvK3,プロジェクト4,#EAB308,いいえ,2026-02-04 17:45:28
yRPp8qEt9muEUCYEcm4b,プロジェクト3,#22C55E,いいえ,2026-02-04 17:45:28
ptz6SAHZagRC4H5iMPkr,TOEIC学習,#3B82F6,いいえ,2026-02-04 17:44:03